{
  "conf": {
    "headers": [],
    "redirects": [],
    "rewrites": [],
    "caches": [],
    "has404": true
  },
  "has404": true,
  "edgeFunctionsRoutes": [
    {
      "routePath": "/api/1/configs/:id",
      "mountPath": "/api/1/configs",
      "method": [
        "GET",
        "DELETE",
        "PATCH"
      ],
      "module": [
        "edge-functions/api/1/configs/[id].js:onRequestGet",
        "edge-functions/api/1/configs/[id].js:onRequestDelete",
        "edge-functions/api/1/configs/[id].js:onRequestPatch"
      ]
    },
    {
      "routePath": "/api/1/configs",
      "mountPath": "/api/1",
      "method": [
        "GET",
        "POST"
      ],
      "module": [
        "edge-functions/api/1/configs/index.js:onRequestGet",
        "edge-functions/api/1/configs/index.js:onRequestPost"
      ]
    },
    {
      "routePath": "/api/1/user",
      "mountPath": "/api/1",
      "method": [
        "GET",
        "POST",
        "DELETE",
        "PATCH"
      ],
      "module": [
        "edge-functions/api/1/user/index.js:onRequestGet",
        "edge-functions/api/1/user/index.js:onRequestPost",
        "edge-functions/api/1/user/index.js:onRequestDelete",
        "edge-functions/api/1/user/index.js:onRequestPatch"
      ]
    }
  ]
}